Partido;xG Local;xG Visit;Prob. Over 2.5;Nuestra Cuota;Cuota Casa;¿Hay Valor?
UTS Rabat vs RSB Berkane;0,76;1,59;0,4172;2,4;2,21;❌ NO
Remo vs Grêmio;1,44;0,99;0,4381;2,28;1,85;❌ NO
HJK vs VPS;1,56;1,45;0,579;1,73;1,7;❌ NO
Vitória vs Chapecoense;1,51;1,1;0,4841;2,07;1,85;❌ NO
KuPS vs Oulu;1,74;1,24;0,5723;1,75;1,9;✅ SÍ (+8.7%)
Bragantino vs Mirassol;1,87;1,24;0,601;1,66;1,78;✅ SÍ (+7.0%)
CFR Cluj vs Universitatea Cluj;1,74;1,67;0,6622;1,51;2,2;✅ SÍ (+45.7%)
CRB vs Atlético GO;2,22;1,41;0,7025;1,42;1,88;✅ SÍ (+32.1%)
Vila Nova vs Cuiabá;1,75;1,13;0,5494;1,82;2,34;✅ SÍ (+28.6%)
Boca Juniors de Cali vs Unión Magdalena;1,32;1,65;0,5701;1,75;2,25;✅ SÍ (+28.3%)
Leones vs Barranquilla;1,29;1,45;0,5161;1,94;1,98;✅ SÍ (+2.2%)
Internacional vs Corinthians;1,78;1,12;0,554;1,8;2,15;✅ SÍ (+19.1%)
Botafogo vs Vasco da Gama;1,78;1,58;0,6525;1,53;1,74;✅ SÍ (+13.5%)
Operário PR vs Botafogo SP;1,62;1,26;0,5494;1,82;2,05;✅ SÍ (+12.6%)
Cruzeiro vs São Paulo;1,72;1,28;0,5768;1,73;1,95;✅ SÍ (+12.5%)
América Mineiro vs Fortaleza;1,61;1,23;0,54;1,85;2,06;✅ SÍ (+11.2%)
Avaí vs Londrina;1,47;1,28;0,5185;1,93;2,13;✅ SÍ (+10.4%)
